{
  "ie": {
    "6": 0.0009054444374020988,
    "7": 0,
    "8": 0,
    "9": 0,
    "10": 0.018108888748041976,
    "11": 0.2879313310938674,
    "5.5": 0
  },
  "edge": {
    "12": 0,
    "13": 0,
    "14": 0.006338111061814692,
    "15": 0,
    "16": 0.007243555499216791,
    "17": 0.017203444310639877,
    "18": 0.19285966516664704,
    "79": 0,
    "80": 0.014487110998433582,
    "81": 0,
    "83": 0.005432666624412593,
    "84": 0.0027163333122062964,
    "85": 0.0027163333122062964,
    "86": 0.017203444310639877,
    "87": 0.061570221743342715,
    "88": 1.5890549876406832,
    "89": 3.437972528815769,
    "90": 0.42374799670418223
  },
  "firefox": {
    "2": 0,
    "3": 0,
    "4": 0,
    "5": 0,
    "6": 0,
    "7": 0,
    "8": 0,
    "9": 0,
    "10": 0,
    "11": 0,
    "12": 0,
    "13": 0,
    "14": 0,
    "15": 0,
    "16": 0,
    "17": 0,
    "18": 0,
    "19": 0,
    "20": 0,
    "21": 0,
    "22": 0,
    "23": 0,
    "24": 0,
    "25": 0,
    "26": 0,
    "27": 0,
    "28": 0,
    "29": 0,
    "30": 0,
    "31": 0,
    "32": 0,
    "33": 0,
    "34": 0,
    "35": 0,
    "36": 0,
    "37": 0,
    "38": 0,
    "39": 0.0036217777496083954,
    "40": 0,
    "41": 0,
    "42": 0,
    "43": 0.0009054444374020988,
    "44": 0,
    "45": 0.030785110871671358,
    "46": 0.04889399961971333,
    "47": 0.028068777559465064,
    "48": 0.02263611093505247,
    "49": 0.029879666434269262,
    "50": 0.03531233305868185,
    "51": 0.03802866637088815,
    "52": 0.03802866637088815,
    "53": 0.032595999746475555,
    "54": 0.028974221996867163,
    "55": 0.03621777749608395,
    "56": 0.028974221996867163,
    "57": 0.0009054444374020988,
    "58": 0,
    "59": 0,
    "60": 0.006338111061814692,
    "61": 0.004527222187010494,
    "62": 0.005432666624412593,
    "63": 0.005432666624412593,
    "64": 0,
    "65": 0,
    "66": 0.0027163333122062964,
    "67": 0,
    "68": 0.04527222187010494,
    "69": 0.0009054444374020988,
    "70": 0.0009054444374020988,
    "71": 0.0036217777496083954,
    "72": 0.04436677743270284,
    "73": 0,
    "74": 0.0009054444374020988,
    "75": 0.012676222123629384,
    "76": 0.007243555499216791,
    "77": 0.005432666624412593,
    "78": 1.293880101047599,
    "79": 0.005432666624412593,
    "80": 0.018108888748041976,
    "81": 0.008148999936618889,
    "82": 0.011770777686227285,
    "83": 0.10322066586383927,
    "84": 0.9154043262135219,
    "85": 1.7103845422525645,
    "86": 2.856677200003622,
    "87": 2.118739983520911,
    "88": 0.26529522015881496,
    "89": 0,
    "3.5": 0,
    "3.6": 0.0027163333122062964
  },
  "chrome": {
    "4": 0,
    "5": 0,
    "6": 0,
    "7": 0,
    "8": 0,
    "9": 0,
    "10": 0,
    "11": 0,
    "12": 0,
    "13": 0,
    "14": 0,
    "15": 0,
    "16": 0,
    "17": 0,
    "18": 0,
    "19": 0,
    "20": 0,
    "21": 0,
    "22": 0,
    "23": 0,
    "24": 0,
    "25": 0,
    "26": 0,
    "27": 0,
    "28": 0,
    "29": 0,
    "30": 0,
    "31": 0,
    "32": 0,
    "33": 0,
    "34": 0,
    "35": 0,
    "36": 0,
    "37": 0,
    "38": 0,
    "39": 0,
    "40": 0,
    "41": 0,
    "42": 0,
    "43": 0,
    "44": 0,
    "45": 0,
    "46": 0,
    "47": 0,
    "48": 0,
    "49": 0.017203444310639877,
    "50": 0,
    "51": 0,
    "52": 0,
    "53": 0.0009054444374020988,
    "54": 0,
    "55": 0.0027163333122062964,
    "56": 0,
    "57": 0.0027163333122062964,
    "58": 0.0009054444374020988,
    "59": 0,
    "60": 0.0009054444374020988,
    "61": 0,
    "62": 0.0009054444374020988,
    "63": 0.010865333248825186,
    "64": 0.07696277717917839,
    "65": 0.02263611093505247,
    "66": 0.0009054444374020988,
    "67": 0.015392555435835679,
    "68": 0.009959888811423087,
    "69": 0.004527222187010494,
    "70": 0.11861322129967494,
    "71": 0.18108888748041976,
    "72": 0.08148999936618889,
    "73": 0.013581666561031483,
    "74": 0.015392555435835679,
    "75": 0.012676222123629384,
    "76": 0.12404588792408755,
    "77": 0.030785110871671358,
    "78": 0.030785110871671358,
    "79": 0.35221788614941646,
    "80": 0.17656166529340928,
    "81": 0.04436677743270284,
    "83": 0.09235533261501408,
    "84": 0.0860172215531994,
    "85": 0.27434966453283594,
    "86": 0.4771692185109061,
    "87": 3.9432105248861404,
    "88": 29.235895439276373,
    "89": 34.95558795034543,
    "90": 3.380929529259437,
    "91": 0.011770777686227285,
    "92": 0.009959888811423087,
    "93": 0
  },
  "safari": {
    "4": 0,
    "5": 0,
    "6": 0,
    "7": 0,
    "8": 0,
    "9": 0,
    "10": 0.06247566618074482,
    "11": 0.0009054444374020988,
    "12": 0.04436677743270284,
    "13": 0.2317937759749373,
    "14": 5.027027516456452,
    "3.1": 0,
    "3.2": 0,
    "5.1": 0,
    "6.1": 0,
    "7.1": 0,
    "9.1": 0,
    "10.1": 0.0009054444374020988,
    "11.1": 0.0796791104913847,
    "12.1": 0.34316344177539543,
    "13.1": 1.0838169915703122,
    "TP": 0
  },
  "opera": {
    "9": 0,
    "11": 0,
    "12": 0,
    "15": 0,
    "16": 0,
    "17": 0,
    "18": 0,
    "19": 0,
    "20": 0,
    "21": 0,
    "22": 0,
    "23": 0,
    "24": 0,
    "25": 0,
    "26": 0,
    "27": 0,
    "28": 0,
    "29": 0,
    "30": 0,
    "31": 0,
    "32": 0,
    "33": 0,
    "34": 0,
    "35": 0,
    "36": 0,
    "37": 0,
    "38": 0,
    "39": 0,
    "40": 0,
    "41": 0,
    "42": 0,
    "43": 0,
    "44": 0,
    "45": 0,
    "46": 0,
    "47": 0,
    "48": 0,
    "49": 0,
    "50": 0,
    "51": 0,
    "52": 0,
    "53": 0,
    "54": 0,
    "55": 0,
    "56": 0,
    "57": 0,
    "58": 0,
    "60": 0,
    "62": 0,
    "63": 0,
    "64": 0,
    "65": 0,
    "66": 0,
    "67": 0,
    "68": 0,
    "69": 0,
    "70": 0,
    "71": 0,
    "72": 0.020825222060248273,
    "73": 0.32052733084034296,
    "74": 0.27163333122062966,
    "75": 0.23360466484974152,
    "9.5-9.6": 0,
    "10.0-10.1": 0,
    "10.5": 0,
    "10.6": 0,
    "11.1": 0,
    "11.5": 0,
    "11.6": 0,
    "12.1": 0
  },
  "ios_saf": {
    "8": 0,
    "3.2": 0,
    "4.0-4.1": 0,
    "4.2-4.3": 0,
    "5.0-5.1": 0,
    "6.0-6.1": 0,
    "7.0-7.1": 0,
    "8.1-8.4": 0,
    "9.0-9.2": 0,
    "9.3": 0,
    "10.0-10.2": 0,
    "10.3": 0,
    "11.0-11.2": 0,
    "11.3-11.4": 0,
    "12.0-12.1": 0,
    "12.2-12.4": 0,
    "13.0-13.1": 0,
    "13.2": 0,
    "13.3": 0,
    "13.4-13.7": 0,
    "14.0-14.5": 0
  },
  "op_mini": {
    "all": 0
  },
  "android": {
    "3": 0.005432666624412593,
    "4": 0,
    "90": 0.0724355549921679,
    "2.1": 0,
    "2.2": 0.004527222187010494,
    "2.3": 0,
    "4.1": 0,
    "4.2-4.3": 0,
    "4.4": 0,
    "4.4.3-4.4.4": 0
  },
  "bb": {
    "7": 0,
    "10": 0
  },
  "op_mob": {
    "10": 0,
    "11": 0,
    "12": 0,
    "62": 0,
    "11.1": 0,
    "11.5": 0,
    "12.1": 0
  },
  "and_chr": {
    "90": 1.0204358809521652
  },
  "and_ff": {
    "87": 0.02173066649765037
  },
  "ie_mob": {
    "10": 0,
    "11": 0
  },
  "and_uc": {
    "12.12": 0.10503155473864347
  },
  "samsung": {
    "4": 0,
    "5.0-5.4": 0,
    "6.2-6.4": 0,
    "7.2-7.4": 0.004527222187010494,
    "8.2": 0,
    "9.2": 0,
    "10.1": 0,
    "11.1-11.2": 0.004527222187010494,
    "12.0": 0,
    "13.0": 0.04436677743270284
  },
  "and_qq": {
    "10.4": 0
  },
  "baidu": {
    "7.12": 0
  },
  "kaios": {
    "2.5": 0
  }
}